method,dataset,dataset_version,pretrained,train,epochs,Car_3d/moderate_R40,Pedestrian_3d/moderate_R40,Cyclist_3d/moderate_R40
second,KITTIDataset,"33,52",True,False,80,80.49237656270873,49.027463163241016,65.84022899859818
second,KITTIDataset,"12,2",True,False,80,81.58757089555382,51.231931670742505,66.71501587421747
second,KITTIDataset,"50,60",True,False,80,80.54719382782925,48.26734423312759,65.57234967158735
second,KITTIDataset,"11,4",True,False,80,81.59392365509837,51.2473589195561,66.71462871073895
second,KITTIDataset,"18,12",True,False,80,81.4701375238819,51.244232150991586,66.67207736354102
second,KITTIDataset,"60,57",True,False,80,81.52826706624806,51.50745435573542,61.98308364393847
second,KITTIDataset,"30,60",True,False,80,81.43114479439758,51.265374764637016,65.93053406968706
second,KITTIDataset,"47,25",True,False,80,81.01194595896484,48.960261164155675,64.4527131105809
second,KITTIDataset,"57,54",True,False,80,79.37083792642203,50.045529288474086,57.43060984370233
second,KITTIDataset,"21,46",True,False,80,80.90889163265018,49.54111397768755,64.78463947360692
second,KITTIDataset,"20,7,46,13",True,False,80,80.94777270372242,49.5580525529341,64.72144249598487
second,KITTIDataset,"20,49,63,14",True,False,80,80.84054098134948,48.670241078435204,64.29943236695001
second,KITTIDataset,"24,13,36,2",True,False,80,81.43273909590695,50.672579955455596,65.9827688225067
second,KITTIDataset,"25,1,44,55",True,False,80,78.97061519142741,48.217670828091144,57.78804618815536
second,KITTIDataset,"30,43,27,48",True,False,80,79.25941886884289,47.124766017165626,62.32560913528562
second,KITTIDataset,"40,20,49,39",True,False,80,79.11295277841388,43.52059641894016,62.8869705664184
second,KITTIDataset,"63,56,55,51",True,False,80,73.3518934216178,45.99964516968392,52.73157428862583
second,KITTIDataset,"1,34,24,45",True,False,80,80.90041699911664,47.90657360079847,65.65170767911664
second,KITTIDataset,"6,33,3,57",True,False,80,81.52059946039498,50.929644323432576,61.91750961793153
second,KITTIDataset,"27,21,11,41",True,False,80,80.92617322732639,50.44404903665093,64.56467835135044
second,KITTIDataset,"17,53,9,54,6,51",True,False,80,74.78487375103572,45.15346822697898,53.578616847270744
second,KITTIDataset,"6,27,11,22,58,25",True,False,80,81.17625542092553,50.72487651930447,64.57706089059356
second,KITTIDataset,"17,37,42,38,59,19",True,False,80,79.32492266234534,47.70712348212669,62.4228012237394
second,KITTIDataset,"19,44,4,22,36,51",True,False,80,79.15677704012504,47.64876403564578,62.796807858348714
second,KITTIDataset,"27,8,0,22,6,20",True,False,80,81.1576719791593,50.97048287504465,66.09043063712568
second,KITTIDataset,"16,28,39,41,22,21",True,False,80,79.52460956011572,49.052613171793936,63.25851330988047
second,KITTIDataset,"40,3,44,21,26,61",True,False,80,79.4664120283854,49.00186033978892,65.16746788420404
second,KITTIDataset,"50,29,32,52,7,9",True,False,80,79.08078020569195,46.79817289555951,62.830010273192784
second,KITTIDataset,"21,51,35,12,48,0",True,False,80,78.93340288461104,46.161726362149594,62.79405486570704
second,KITTIDataset,"56,9,48,40,22,24",True,False,80,78.86834735169522,47.03862959478754,60.30145938850783
second,KITTIDataset,"43,13,58,3,9,52,26,19",True,False,80,79.41790459456823,47.89393958279112,62.3482982081364
second,KITTIDataset,"11,8,41,58,43,50,14,25",True,False,80,79.18060905076618,45.72680465188702,59.64016440771316
second,KITTIDataset,"59,55,6,34,9,12,3,0",True,False,80,79.19405999575226,48.7837894788168,60.10054598755128
second,KITTIDataset,"37,18,6,20,39,21,28,17",True,False,80,79.45674657300412,49.493661359157684,63.65351412763025
second,KITTIDataset,"47,2,52,58,39,16,60,21",True,False,80,79.09958287877899,46.43585442333979,61.87666853077902
second,KITTIDataset,"33,4,28,46,13,29,48,11",True,False,80,79.07917204916785,45.52599559986387,60.85321718393493
second,KITTIDataset,"13,25,10,61,50,57,60,33",True,False,80,79.6085895532189,47.86668591135164,60.175379183224564
second,KITTIDataset,"0,61,17,25,6,44,15,35",True,False,80,80.85222974025483,49.30664779330702,64.07351633810363
second,KITTIDataset,"26,57,8,1,35,6,23,11",True,False,80,81.3690879053825,50.80997411015375,60.9091081738525
second,KITTIDataset,"28,40,5,12,55,33,25,8",True,False,80,78.88543972486593,49.08433751272449,58.57249747217127
second,KITTIDataset,"23,32,36,20,40,51,52,14,18,41",True,False,80,75.62730847945986,39.01422205853033,58.346316541248164
second,KITTIDataset,"53,60,3,55,35,2,49,19,51,22",True,False,80,76.0832678266804,43.2286958321758,54.02894326566362
second,KITTIDataset,"14,37,22,27,6,41,45,2,54,15",True,False,80,78.93585466714134,46.83689337321993,58.0632905990842
second,KITTIDataset,"6,28,4,3,17,14,38,32,56,20",True,False,80,79.1396462408296,49.3471490508114,60.70863324339333
second,KITTIDataset,"31,5,42,62,18,45,3,33,32,34",True,False,80,78.83380305692789,43.84133288626831,58.93415360036267
second,KITTIDataset,"0,12,25,28,56,41,46,37,26,13",True,False,80,78.87457207703167,47.43778651668699,57.30444949623749
second,KITTIDataset,"10,25,54,34,24,57,17,23,56,13",True,False,80,75.77187311749505,47.41595510625986,51.8963794709575
second,KITTIDataset,"43,23,2,25,13,15,32,49,26,24",True,False,80,79.3780864551779,44.639809856871686,61.23403926634033
second,KITTIDataset,"46,58,11,47,18,29,48,59,60,17",True,False,80,75.24990139230712,37.32116610597963,52.870843503641474
second,KITTIDataset,"41,2,17,35,28,20,38,40,19,45",True,False,80,78.53410598103873,43.50806545506668,61.86249520832975
second,KITTIDataset,"61,62,16,46,9,32,17,38,60,20,21,5",True,False,80,79.43111349392062,47.926034775972326,64.41978373169498
second,KITTIDataset,"36,26,28,41,33,21,55,59,25,32,35,10",True,False,80,77.52475185968795,44.84415566788765,53.62412524380166
second,KITTIDataset,"14,55,45,22,12,2,21,3,0,27,10,17",True,False,80,78.78496867328215,47.236845929037244,58.83001739567978
second,KITTIDataset,"24,42,7,40,32,41,23,4,19,16,21,49",True,False,80,77.54564512867806,37.99586974079994,56.29409663635452
second,KITTIDataset,"60,55,8,52,6,18,24,11,22,5,35,37",True,False,80,78.60119591221033,47.40053015417961,55.897382918164226
second,KITTIDataset,"46,6,0,22,34,30,31,18,5,21,32,45",True,False,80,78.11893274820765,39.61192729585002,57.10256432406198
second,KITTIDataset,"37,3,49,13,16,15,32,9,41,27,33,21",True,False,80,79.0793947940865,47.21878816347685,60.202573483081046
second,KITTIDataset,"54,34,25,48,39,7,37,52,12,11,8,44",True,False,80,76.3071994854591,43.20894096706772,54.46286198331601
second,KITTIDataset,"61,34,42,0,41,19,39,44,17,52,56,14",True,False,80,76.25593129253822,41.1460753558752,52.49619522892797
second,KITTIDataset,"27,33,13,17,51,18,44,29,2,45,7,36",True,False,80,78.15480294687785,42.53586583710461,57.932581559262296
second,KITTIDataset,"31,43,19,5,52,24,41,14,10,3,2,36,47,9",True,False,80,78.47165296474004,46.22018701273543,61.11784148940882
second,KITTIDataset,"56,49,16,25,19,30,18,17,60,4,34,28,53,63",True,False,80,76.30736741456357,46.09584681274478,55.43357045750228
second,KITTIDataset,"47,24,63,51,39,9,53,42,14,13,38,40,60,29",True,False,80,74.90244113817062,33.8390067001467,53.95633101510917
second,KITTIDataset,"11,10,3,33,32,47,12,60,16,7,0,4,18,46",True,False,80,78.61198323594927,42.13144237986381,58.84277005685183
second,KITTIDataset,"6,22,23,50,62,25,37,36,12,59,32,55,49,34",True,False,80,75.45975737660918,35.1779186980144,49.368673324514724
second,KITTIDataset,"18,44,52,9,49,37,4,56,63,39,21,31,10,47",True,False,80,75.7194970686733,43.01736511853267,53.79584374989007
second,KITTIDataset,"7,16,33,53,15,38,9,22,41,43,23,0,13,14",True,False,80,78.43950154257264,46.95138725133415,60.69624806886807
second,KITTIDataset,"5,2,38,3,9,43,19,37,31,16,52,12,46,54",True,False,80,76.39810413427293,44.103599184670536,53.76724523043701
second,KITTIDataset,"45,39,63,27,0,21,6,36,11,23,14,28,47,52",True,False,80,78.38162774141823,45.73675919457823,60.16404073935411
second,KITTIDataset,"45,8,51,31,43,29,3,39,9,13,56,27,61,20",True,False,80,77.3278317561192,44.697728476418135,54.25021108637298
second,KITTIDataset,"49,51,55,12,2,40,25,61,22,4,58,18,43,20,33,37",True,False,80,75.99852285203926,40.63686146721803,54.228701131379864
second,KITTIDataset,"14,57,21,35,23,16,43,34,44,4,2,7,51,38,19,12",True,False,80,77.55596720618307,40.56640459034089,50.774712364927986
second,KITTIDataset,"48,61,23,37,59,21,16,19,28,38,60,7,3,27,46,49",True,False,80,75.68414544443533,37.19740025529543,56.21951932489429
second,KITTIDataset,"32,17,39,26,28,62,60,38,42,41,57,48,5,44,2,52",True,False,80,75.47250782461565,35.683750442432434,52.295553600491004
second,KITTIDataset,"23,63,8,31,29,57,7,28,55,34,60,37,16,44,48,41",True,False,80,75.82920949884966,44.124619182532186,50.65573998065517
second,KITTIDataset,"45,35,57,23,58,1,49,21,47,44,46,16,29,54,28,50",True,False,80,65.4499430079899,26.284689933097305,32.70544628355495
second,KITTIDataset,"31,43,39,56,0,22,14,27,37,53,59,5,1,55,20,45",True,False,80,70.5399214218095,41.75737506397028,46.45744616751672
second,KITTIDataset,"50,21,45,26,56,32,30,22,42,0,62,37,63,7,27,60",True,False,80,76.39345581219592,45.32800605209067,55.57824812772279
second,KITTIDataset,"29,8,60,36,16,51,58,31,18,44,11,39,55,56,46,52",True,False,80,68.98228311749195,37.2981702861298,41.89141347599975
second,KITTIDataset,"54,18,60,59,25,57,46,24,55,16,58,27,62,5,61,29",True,False,80,72.7802937757579,44.90841594689954,47.91614053498211
second,KITTIDataset,"61,14,30,40,23,55,31,48,38,13,2,10,52,17,27,59,43,7",True,False,80,75.91469590745778,41.193080527572974,55.1940744536385
second,KITTIDataset,"43,16,13,40,0,47,37,55,63,33,25,29,12,23,2,8,3,56",True,False,80,72.53802670636881,45.10682693220481,46.92830763988064
second,KITTIDataset,"43,19,30,21,63,29,58,23,32,35,47,18,52,20,45,53,4,40",True,False,80,72.73064699470389,40.40686086807549,49.393861650467976
second,KITTIDataset,"42,17,21,59,32,6,19,50,61,28,18,3,2,55,51,0,47,53",True,False,80,73.07203604454277,37.99946377543385,49.96652446973069
second,KITTIDataset,"57,34,40,7,28,38,22,43,36,47,23,42,1,19,6,8,30,52",True,False,80,75.5809085526937,41.05125575001167,51.640683940065855
second,KITTIDataset,"50,15,40,23,46,54,24,42,55,29,39,0,34,60,33,14,4,9",True,False,80,69.79397690342164,35.99065671607337,41.65932250491985
second,KITTIDataset,"54,44,22,38,0,5,8,17,59,31,19,57,15,35,23,9,53,48",True,False,80,72.96750355902779,43.139301199941535,48.520224273420574
second,KITTIDataset,"63,2,35,23,9,39,26,48,30,10,56,40,52,46,47,24,57,45",True,False,80,65.26441186217582,28.45775054676252,35.57058844781068
second,KITTIDataset,"12,54,16,50,8,24,45,19,42,52,35,31,13,39,57,7,36,14",True,False,80,75.59521208507489,43.520650498699,48.55115107188623
second,KITTIDataset,"21,38,22,55,7,30,42,28,62,52,9,15,26,46,12,45,59,4",True,False,80,75.34788831127732,40.185620122187615,51.86321539405887
second,KITTIDataset,"18,55,52,8,21,5,20,31,36,57,63,1,11,3,6,39,10,34,59,62",True,False,80,76.45749273621439,46.741885078183856,52.77905614715458
second,KITTIDataset,"19,34,23,14,59,9,16,12,2,60,8,53,55,38,29,26,63,31,20,56",True,False,80,72.35319687646137,46.614863984595075,49.99205151094494
second,KITTIDataset,"17,36,16,55,35,22,57,45,10,34,38,49,26,12,13,21,33,63,46,54",True,False,80,66.90630823887534,29.946286775699555,36.17879804487356
second,KITTIDataset,"42,12,30,13,23,14,41,19,9,3,15,61,28,63,38,10,55,21,51,52",True,False,80,73.28890999468139,37.37773298166297,47.78545641997498
second,KITTIDataset,"15,56,1,60,6,45,28,51,2,30,12,57,40,61,3,29,13,44,21,14",True,False,80,73.00504169507451,37.876328656052856,45.448964000133856
second,KITTIDataset,"45,20,13,5,60,21,46,52,42,27,19,37,28,18,53,51,31,4,63,3",True,False,80,67.33770196112856,34.05184530394471,49.160926820554096
second,KITTIDataset,"53,55,35,44,10,17,32,20,51,41,37,40,49,34,33,15,29,8,1,11",True,False,80,71.16212422826243,33.3720412125153,42.570703049286394
second,KITTIDataset,"14,39,1,28,8,6,45,32,42,61,54,49,20,2,24,33,47,9,17,50",True,False,80,74.61698013868975,36.910427689448596,49.65736508872966
second,KITTIDataset,"6,58,11,62,15,1,5,0,46,36,38,48,56,63,45,24,22,23,44,13",True,False,80,73.12668440425315,34.12516655150142,46.04443827776223
second,KITTIDataset,"40,48,60,32,35,63,16,41,50,29,36,8,54,31,2,14,46,30,61,49",True,False,80,68.75902661312345,23.7122143501641,39.41051945055876
second,KITTIDataset,"54,32,6,38,9,17,36,22,13,4,51,16,23,1,58,34,61,48,11,7,41,21",True,False,80,75.74508827195123,40.8736568480958,53.88738980042888
second,KITTIDataset,"16,2,19,9,34,20,63,7,38,50,18,28,36,10,48,1,4,29,32,35,25,31",True,False,80,75.55857860426315,36.8433899866324,54.62037821267708
second,KITTIDataset,"44,19,25,52,4,7,5,20,46,27,58,53,28,47,56,1,3,55,59,36,42,29",True,False,80,64.2144577219436,29.050382337177034,38.07137108126314
second,KITTIDataset,"17,50,43,60,21,53,24,9,8,22,45,27,61,3,7,29,54,62,44,32,28,6",True,False,80,69.81591646251647,29.59592347436836,37.23281798373406
second,KITTIDataset,"8,60,26,55,42,23,27,44,18,63,49,25,54,39,47,33,3,30,51,37,43,38",True,False,80,62.72364674846143,21.52213775186364,29.178030593270876
second,KITTIDataset,"35,46,61,41,16,24,28,37,6,57,8,18,5,11,1,56,49,47,54,59,38,2",True,False,80,70.80976172664181,36.324294602666065,40.979414986339165
second,KITTIDataset,"28,45,13,47,54,20,58,3,9,18,5,43,36,37,49,38,29,1,53,32,22,61",True,False,80,69.84674408320369,32.193599762341854,41.89870803384813
second,KITTIDataset,"4,27,14,13,62,61,24,20,1,21,56,50,39,54,33,52,49,42,48,35,57,32",True,False,80,65.91544653883453,32.45635995150638,35.221056292614435
second,KITTIDataset,"3,37,34,20,44,38,36,15,31,51,4,13,30,49,7,27,0,22,14,33,43,53",True,False,80,72.26414674579831,31.74420631278011,47.491806931480724
second,KITTIDataset,"63,59,19,29,25,33,37,21,13,14,36,24,20,23,10,43,39,35,49,3,8,31",True,False,80,75.91038413311271,39.31603053338941,53.79758992083883
second,KITTIDataset,"40,23,1,13,30,11,12,20,63,52,28,15,29,55,7,61,49,60,32,10,19,51,21,5",True,False,80,72.90053686919002,35.48255999914676,48.92663381788587
second,KITTIDataset,"29,4,59,61,60,40,20,44,26,14,30,19,22,33,31,46,28,16,47,2,24,32,52,17",True,False,80,72.53986017986531,24.08926305571885,49.50027805644158
second,KITTIDataset,"51,32,37,60,6,17,21,55,56,23,49,0,25,59,43,36,3,41,5,33,16,53,42,48",True,False,80,63.348321152540954,26.35528595388416,28.964721887459987
second,KITTIDataset,"47,19,56,2,35,26,53,15,54,29,36,27,21,13,23,49,43,60,31,50,44,17,10,57",True,False,80,63.93009715145887,30.810086879980553,31.54010768177206
second,KITTIDataset,"20,21,62,18,58,47,4,59,8,30,5,44,1,38,57,13,2,11,50,9,26,27,49,42",True,False,80,74.92492296551796,39.00477426818877,47.07920450356166
second,KITTIDataset,"35,54,63,28,60,50,7,3,52,30,46,27,37,14,17,1,2,4,40,36,43,45,53,24",True,False,80,63.62678220334351,26.79167113559091,36.439161335581126
second,KITTIDataset,"54,9,3,43,57,26,45,46,19,34,12,17,62,8,35,2,29,48,4,51,40,55,49,31",True,False,80,63.92985212762895,30.070529504793164,35.63290722050596
second,KITTIDataset,"9,8,10,35,11,44,20,50,37,17,56,40,42,1,63,54,30,43,16,26,45,39,22,31",True,False,80,65.89823799656187,23.85051352091408,31.77362597939043
second,KITTIDataset,"36,7,31,47,30,25,46,52,62,24,58,38,54,56,63,61,1,34,51,45,15,59,32,20",True,False,80,66.70735470456466,25.51800935439236,33.143504214367994
second,KITTIDataset,"21,5,47,18,59,0,28,36,35,14,9,7,55,51,16,19,37,40,54,13,20,30,63,22",True,False,80,69.28574319309234,34.86523685039249,44.28229876190435
second,KITTIDataset,"11,58,2,40,28,19,36,25,33,9,35,49,56,37,51,6,27,30,10,34,22,62,29,61,38,23",True,False,80,68.72835995997907,22.20847626905272,37.432651759772114
second,KITTIDataset,"5,49,20,6,25,62,35,59,19,24,58,31,42,9,43,36,7,29,38,34,51,11,52,63,10,40",True,False,80,71.65708590761571,30.158357151614197,45.05345724625388
second,KITTIDataset,"48,11,34,21,51,45,43,8,33,28,55,15,10,2,49,57,27,47,13,4,58,25,63,30,32,54",True,False,80,62.32496592853464,26.722895242174022,29.35837246372103
second,KITTIDataset,"0,57,33,20,13,2,10,54,48,63,34,1,49,41,31,17,43,27,4,9,3,35,12,60,23,46",True,False,80,72.87236112140238,33.9364514833822,41.34452217962904
second,KITTIDataset,"54,49,43,60,15,59,63,27,31,40,35,30,41,4,53,3,0,50,33,6,39,34,10,51,46,58",True,False,80,60.18706470706463,14.22942200901639,24.793850180064815
second,KITTIDataset,"31,20,11,18,62,24,14,46,44,29,35,7,40,36,55,9,30,53,63,16,0,33,26,25,15,60",True,False,80,72.94615639273752,40.40665723033083,49.948092664615835
second,KITTIDataset,"9,47,7,21,33,29,25,38,53,14,1,32,43,50,11,49,46,6,23,51,3,63,35,12,8,56",True,False,80,65.94353331632863,27.781970444709657,39.74688916087809
second,KITTIDataset,"2,35,15,45,11,16,51,63,8,6,23,30,7,37,3,1,17,4,0,49,60,18,33,42,9,25",True,False,80,76.48426244353458,43.70330820922684,58.21114345329615
second,KITTIDataset,"25,36,18,9,55,46,29,39,62,45,47,56,41,23,48,26,54,40,16,7,8,35,21,32,3,34",True,False,80,50.06998647582167,18.375304596050626,20.04632873909291
second,KITTIDataset,"48,58,0,26,2,28,59,5,41,22,53,45,47,4,1,63,46,56,34,50,11,52,3,29,6,16",True,False,80,62.70083662084761,26.550699817302124,32.89841983606739
second,KITTIDataset,"43,45,48,8,22,47,50,23,14,52,9,54,36,4,55,63,0,1,34,12,3,39,25,42,16,60,62,33",True,False,80,63.85506471831266,29.533131099794964,33.417400310151315
second,KITTIDataset,"48,29,17,2,37,49,5,20,60,41,47,1,0,31,11,59,39,24,10,54,56,23,21,46,12,44,16,57",True,False,80,61.81359015402027,29.179956013683334,30.904832368268465
second,KITTIDataset,"38,55,47,20,16,7,15,6,57,9,18,39,46,3,11,41,61,34,48,44,23,8,26,2,36,29,33,58",True,False,80,68.51204390202048,30.939308827755074,37.501093330499636
second,KITTIDataset,"27,37,7,43,47,60,34,44,2,13,40,51,24,17,18,48,56,39,8,15,41,4,55,12,62,28,25,45",True,False,80,59.68447963513886,16.5219397814612,25.140966661160537
second,KITTIDataset,"43,39,47,35,44,58,24,60,55,23,54,13,48,51,19,20,21,62,52,38,22,15,14,28,26,42,16,9",True,False,80,58.38894027978072,20.73178886777379,27.04147248790435
second,KITTIDataset,"54,16,28,50,53,59,15,33,51,0,37,13,20,23,44,17,45,62,31,35,3,46,39,24,22,41,63,1",True,False,80,63.77468540604194,24.413170851706454,33.22742575988894
second,KITTIDataset,"26,9,59,7,12,17,51,43,28,54,61,25,21,35,5,16,20,52,45,29,14,4,57,32,36,34,48,44",True,False,80,68.82840444653174,24.166480516480714,27.547933483992143
second,KITTIDataset,"1,6,53,35,23,57,40,25,28,44,13,62,56,42,33,41,58,21,46,29,49,43,52,26,12,63,27,17",True,False,80,57.141026569120044,15.159128530454685,21.838794945089592
second,KITTIDataset,"56,15,20,13,63,52,40,59,50,8,49,46,19,39,25,26,36,27,2,7,4,62,44,37,45,18,21,60",True,False,80,66.60621185694178,20.708214327032966,36.601707361073125
second,KITTIDataset,"56,20,23,32,40,17,14,3,34,48,35,9,58,25,24,11,0,36,46,18,31,37,16,38,27,62,60,59",True,False,80,71.28362439957802,28.540522446488204,39.814003092663484
second,KITTIDataset,"11,43,59,7,41,51,12,5,53,3,2,30,23,22,50,38,57,54,16,36,10,40,17,19,14,26,62,18,42,24",True,False,80,63.07505666844323,18.24932913774643,26.749909178424065
second,KITTIDataset,"32,23,15,43,42,18,62,55,48,7,49,11,34,9,31,20,3,51,46,39,53,0,24,45,54,27,44,35,36,37",True,False,80,42.813359352288096,13.532487197033824,8.971769192793303
second,KITTIDataset,"5,24,4,25,7,50,43,40,31,37,52,32,46,36,47,16,56,8,1,29,14,55,20,48,28,60,17,57,0,59",True,False,80,60.3210236821916,25.625281712652935,29.944192990725227
second,KITTIDataset,"61,13,8,6,55,38,32,31,0,48,40,9,1,42,29,43,50,10,62,56,7,47,20,41,21,35,36,23,49,52",True,False,80,51.719648415575904,14.593936740923905,16.67005269258295
second,KITTIDataset,"49,30,62,60,61,32,54,56,47,8,21,53,63,44,26,15,10,31,18,20,34,19,0,43,51,2,25,27,5,11",True,False,80,66.81187349531935,31.672708413449406,36.95549471848283
second,KITTIDataset,"52,6,48,50,10,45,46,40,49,58,56,1,14,8,7,39,30,11,35,5,31,25,47,20,43,54,9,53,55,15",True,False,80,36.04819742417191,20.057053838918442,21.520368557960147
second,KITTIDataset,"11,17,23,35,41,50,43,39,57,6,46,26,16,19,15,27,44,1,32,30,14,42,59,24,29,56,10,37,55,18",True,False,80,58.38270561346863,21.995958406932115,26.435661769332615
second,KITTIDataset,"37,60,20,47,38,14,59,49,5,33,61,46,43,4,51,52,63,6,41,19,28,55,18,1,42,44,29,39,21,15",True,False,80,58.74644821923576,11.1119682627072,25.525844569483812
second,KITTIDataset,"40,41,20,31,18,60,12,28,34,24,11,50,26,55,33,5,38,8,21,6,54,4,23,32,42,2,36,37,62,48",True,False,80,62.371904548700364,19.3997616416767,26.835813780941244
second,KITTIDataset,"63,28,55,59,31,39,14,43,25,40,18,42,48,6,56,7,3,24,9,57,62,10,36,0,34,1,61,2,4,46",True,False,80,65.05299143052655,34.458683747939325,37.46387525051221
second,KITTIDataset,"58,38,4,9,45,8,19,26,1,25,48,55,27,61,33,63,36,56,49,41,46,54,5,57,6,44,37,24,31,43,30,47",True,False,80,36.260597498311064,11.760678853968676,16.211273480222914
second,KITTIDataset,"7,3,16,49,10,9,28,61,36,58,56,44,33,31,37,30,0,25,45,50,6,43,42,53,38,23,20,18,59,26,2,41",True,False,80,58.528729166352754,12.408179091464474,22.700493093427276
second,KITTIDataset,"60,25,59,5,63,55,48,46,42,39,22,32,11,17,18,28,29,50,56,27,12,14,57,49,4,10,13,44,30,33,54,41",True,False,80,53.122795789354846,18.097617315870025,25.237871058692917
second,KITTIDataset,"7,8,34,49,20,25,19,27,40,4,2,5,29,60,23,24,10,13,62,47,54,35,63,1,45,11,39,33,58,61,6,17",True,False,80,74.3635697539057,36.25663431094711,46.273374513679514
second,KITTIDataset,"23,53,50,32,40,33,30,52,39,16,58,59,22,47,62,43,1,38,6,29,48,3,35,4,17,27,0,15,51,60,9,18",True,False,80,57.537721809709886,15.0193474242238,32.58364550281366
second,KITTIDataset,"14,10,13,34,40,37,7,42,32,43,44,4,9,19,54,25,59,57,12,56,2,24,55,28,53,6,27,0,58,29,62,31",True,False,80,55.44543578874092,26.984707916856827,31.11197860734799
second,KITTIDataset,"50,42,61,37,29,23,6,33,17,32,22,59,12,51,57,44,16,21,48,7,26,45,4,30,63,14,27,38,58,28,54,46",True,False,80,65.78606598497778,13.416557066860921,26.241063688271854
second,KITTIDataset,"61,58,28,25,38,12,30,32,19,45,16,8,49,60,4,63,14,6,22,41,53,37,36,42,5,27,56,40,48,26,21,9",True,False,80,66.37900635667215,16.64015602353981,33.82424275404433
second,KITTIDataset,"46,44,4,63,0,49,14,22,52,41,56,25,50,29,61,20,36,59,48,47,17,21,27,7,33,12,5,3,58,51,18,6",True,False,80,52.47267947208346,21.848713496982313,34.537890213118004
second,KITTIDataset,"63,35,30,25,47,18,52,51,58,46,2,42,53,36,43,62,16,1,4,40,31,54,26,37,12,50,3,24,27,11,8,49",True,False,80,48.953942093014454,15.157628684419064,24.19239177814872
second,KITTIDataset,"53,16,13,23,36,61,8,31,24,25,26,2,55,48,9,38,7,5,54,44,4,41,56,49,28,52,40,0,33,35,22,10,63,15",True,False,80,51.64341906534453,23.53257050579595,31.122707748207983
second,KITTIDataset,"49,45,17,59,6,42,23,56,52,8,57,55,62,38,51,43,61,24,58,41,1,18,48,4,37,39,34,63,19,47,20,28,46,25",True,False,80,39.94054376263279,9.113184434118907,12.470973323407247
second,KITTIDataset,"32,25,50,39,41,62,57,12,37,21,2,26,18,59,1,20,61,30,23,27,0,60,51,17,15,40,36,35,52,55,47,48,19,10",True,False,80,59.53159459176685,11.773745529747979,26.66399831008574
second,KITTIDataset,"1,45,59,34,42,35,13,50,56,61,12,16,49,29,48,31,60,3,4,17,32,27,37,30,7,2,28,10,15,14,57,5,51,39",True,False,80,59.26150158266904,14.936660087124892,24.51933996866598
second,KITTIDataset,"36,7,53,33,35,23,54,22,37,11,13,10,25,31,17,21,38,47,60,48,28,26,2,27,16,42,50,49,4,52,32,3,24,55",True,False,80,42.85575587537999,11.931024727884116,16.39859413768942
second,KITTIDataset,"14,13,60,55,24,8,28,30,9,53,17,62,33,44,32,2,21,3,50,16,29,5,11,27,23,49,42,40,54,7,52,0,51,39",True,False,80,47.75342225210664,16.20773567596224,25.843965165741423
second,KITTIDataset,"59,27,34,52,45,31,38,63,24,50,33,4,26,11,32,53,41,12,18,17,58,35,10,51,49,55,42,22,15,0,25,19,37,43",True,False,80,49.97872300302525,8.670695185798287,16.170032275812556
second,KITTIDataset,"36,31,5,4,58,60,33,14,35,45,9,23,55,29,15,43,11,37,47,39,10,49,8,62,44,52,30,28,57,25,21,56,26,7",True,False,80,58.70837534547858,18.97996297391798,23.672173068860772
second,KITTIDataset,"49,11,45,38,8,48,0,7,63,26,58,47,50,24,18,5,27,31,40,32,29,20,60,34,1,6,57,35,2,61,36,62,13,59",True,False,80,62.9507090885584,23.21908373654786,33.273894057179966
second,KITTIDataset,"25,30,2,17,4,14,12,15,22,6,52,48,56,24,27,58,54,62,42,45,7,61,23,41,51,8,16,26,20,59,40,28,33,34",True,False,80,66.0236656214742,21.92072254566792,31.502123129420855
second,KITTIDataset,"15,47,48,22,20,61,44,21,9,18,40,4,34,0,46,33,62,11,37,41,8,26,59,53,35,10,13,27,16,14,2,54,17,39,32,23",True,False,80,59.58140307704161,16.623044909619523,26.038262114819595
second,KITTIDataset,"22,46,25,17,6,13,50,28,31,15,26,57,30,63,60,61,24,5,12,4,11,3,44,48,58,34,10,55,8,20,38,16,9,7,0,45",True,False,80,69.58547445174152,29.239865254800744,37.17305621867407
second,KITTIDataset,"46,0,31,21,11,39,9,18,36,7,53,2,38,42,41,51,59,8,37,48,23,25,26,10,20,63,4,1,45,40,28,16,60,61,56,43",True,False,80,52.2054597236561,9.568784516195391,21.837094907508988
second,KITTIDataset,"35,55,51,4,43,42,5,2,59,13,9,23,47,45,26,28,56,11,50,7,61,33,62,12,29,14,21,10,19,37,25,49,40,54,17,38",True,False,80,52.88921473122994,21.441823517924398,25.35014994013255
second,KITTIDataset,"2,37,48,14,42,51,4,5,39,47,19,36,29,23,17,53,45,26,3,30,12,56,32,60,15,41,25,0,61,18,40,27,1,34,52,10",True,False,80,56.06814101829378,11.956387817896918,25.733340393991256
second,KITTIDataset,"10,13,35,11,46,4,14,29,56,3,22,9,57,53,59,8,60,25,16,45,17,36,12,49,0,15,5,26,23,54,24,27,42,58,2,31",True,False,80,64.27948498396098,31.375089718255072,35.48266944680297
second,KITTIDataset,"10,37,11,39,56,8,2,23,52,6,35,55,15,32,26,0,24,38,61,50,62,58,18,33,47,1,31,41,16,19,29,28,53,5,46,34",True,False,80,57.18220856186817,13.436595076748464,22.095966174786476
second,KITTIDataset,"52,8,56,41,63,12,34,35,36,5,22,32,51,49,1,48,62,26,15,39,50,38,53,19,4,30,44,10,43,61,29,58,37,28,13,0",True,False,80,44.10218488248216,5.602821757086836,14.162880544042716
second,KITTIDataset,"40,53,38,6,16,0,15,20,34,26,11,13,33,43,8,60,61,4,12,48,56,10,45,41,29,49,22,57,47,58,55,63,44,3,52,32",True,False,80,48.22067310772063,17.505743207020956,19.465443895390973
second,KITTIDataset,"5,35,21,24,31,15,29,53,6,3,34,25,9,7,8,39,33,12,40,19,43,45,48,30,52,49,16,62,55,63,61,59,37,50,60,14",True,False,80,60.49604914584773,19.44441838332178,26.55339917052959
second,KITTIDataset,"26,39,14,17,29,6,1,0,13,31,4,58,43,42,36,23,35,16,53,59,57,10,19,25,62,49,12,2,46,9,27,3,11,47,54,56,61,45",True,False,80,58.94040835310429,24.448976412100798,25.95948028050945
second,KITTIDataset,"55,34,13,53,56,23,47,57,37,42,11,35,22,49,8,48,4,1,17,18,36,30,43,58,6,25,46,52,38,3,54,62,5,32,12,27,33,63",True,False,80,35.92502498859979,10.448176055992672,6.481832004846649
second,KITTIDataset,"13,15,18,55,57,10,60,1,62,25,31,59,49,21,46,0,43,44,19,23,38,17,53,58,8,36,5,20,2,56,28,11,27,61,12,54,37,52",True,False,80,52.65339634617702,26.67163287376384,28.547606194734115
second,KITTIDataset,"45,11,58,63,10,37,24,6,22,40,18,13,57,50,17,16,15,35,4,0,14,29,33,39,44,55,27,49,34,32,5,30,28,1,3,56,47,9",True,False,80,57.98681667190625,16.650788861744108,20.692304079836703
second,KITTIDataset,"8,46,2,33,28,0,14,34,23,47,25,60,56,55,57,21,37,4,17,32,44,7,10,18,30,19,59,43,58,54,40,48,52,61,27,63,45,50",True,False,80,39.52980104416345,17.898691582234623,18.89431109702976
second,KITTIDataset,"43,4,58,63,8,31,6,61,34,50,7,36,26,28,52,49,55,5,42,53,41,54,21,9,59,2,1,15,38,23,32,35,48,40,57,33,0,51",True,False,80,34.77047016366022,5.478027319759243,4.35739662076869
second,KITTIDataset,"50,61,9,62,30,48,45,21,55,20,35,6,0,59,63,7,25,10,5,12,22,17,28,19,40,39,56,42,47,15,26,36,3,33,38,46,58,51",True,False,80,53.0300398553335,11.9545610397524,21.47339973947063
second,KITTIDataset,"23,32,60,28,24,4,34,43,52,36,31,49,30,7,10,42,1,39,58,44,19,63,29,41,18,6,55,13,47,37,59,51,40,61,20,0,48,14",True,False,80,47.17650657798269,3.4717426757088514,11.770718998123645
second,KITTIDataset,"14,2,62,49,11,43,6,18,42,38,45,21,39,34,1,25,7,33,57,9,8,26,17,31,58,13,48,20,51,3,27,28,52,56,55,22,54,23",True,False,80,52.60567198714783,21.51399215150883,25.424678663991386
second,KITTIDataset,"39,35,15,59,36,11,58,29,30,9,63,33,50,57,23,28,25,14,43,5,42,12,4,1,2,26,22,62,24,61,7,52,6,53,32,0,46,56",True,False,80,64.10630148127301,26.399976998846526,31.522475947754035
second,KITTIDataset,"53,61,28,13,59,51,35,48,25,2,19,60,44,56,31,42,14,43,50,27,10,58,36,3,18,40,57,8,1,63,12,26,23,4,39,34,0,47,55,9",True,False,80,53.27642939196,16.37325182902971,20.688434125426145
second,KITTIDataset,"40,3,50,46,7,47,59,43,51,48,28,36,52,32,60,17,11,55,10,21,2,12,16,34,56,15,38,23,14,22,35,4,26,6,42,62,58,30,41,25",True,False,80,44.90824789903328,7.209425941205443,11.21428899467662
second,KITTIDataset,"13,17,35,55,39,46,6,31,42,50,21,59,44,36,5,14,26,34,12,0,1,16,28,60,4,61,3,23,24,53,45,19,48,43,32,30,49,47,38,15",True,False,80,39.66849447981698,9.684698269497408,16.236305848985282
second,KITTIDataset,"21,23,39,46,25,7,58,42,60,36,13,50,2,37,31,55,56,32,47,15,63,9,45,22,41,33,35,4,6,12,28,8,44,5,0,16,62,40,57,59",True,False,80,45.26846847376731,11.74636293432448,9.786671771116287
second,KITTIDataset,"28,57,61,46,27,43,10,23,48,54,22,8,56,63,21,1,26,52,20,14,11,35,33,30,3,59,6,2,49,41,7,15,36,16,17,13,12,50,42,25",True,False,80,59.33443323079251,17.661563787048937,23.31762616147354
second,KITTIDataset,"43,32,30,12,20,46,22,6,0,58,31,14,41,35,27,50,5,34,37,62,55,19,60,28,48,15,21,18,47,17,1,10,59,9,63,51,39,2,61,23",True,False,80,63.20516110821156,18.27995908377212,29.883743126723296
second,KITTIDataset,"41,13,47,11,9,50,35,22,20,0,1,53,32,18,15,8,40,38,51,23,25,16,45,63,29,46,10,19,21,3,26,52,54,62,2,24,48,39,43,44",True,False,80,29.360022509631357,4.330225748986409,12.788078648575047
second,KITTIDataset,"1,0,61,54,60,39,2,32,8,35,59,63,41,34,56,24,42,62,13,15,21,25,55,16,33,7,27,23,38,58,51,5,50,28,52,17,26,4,18,48",True,False,80,49.51592248460091,18.039254498318062,22.379018355408515
second,KITTIDataset,"30,4,22,24,46,40,23,34,53,56,17,28,35,49,5,2,20,54,12,58,25,21,1,51,29,7,61,26,11,37,50,59,15,44,32,36,41,18,52,63",True,False,80,46.37206198131687,11.625586902918029,19.973839626248495
second,KITTIDataset,"29,61,12,52,0,39,40,43,60,18,5,9,25,22,41,19,45,4,53,58,38,36,32,27,47,23,57,46,50,54,3,59,49,42,6,26,7,1,8,34",True,False,80,40.12456277900227,4.114177438053516,5.315130285151497
second,KITTIDataset,"49,13,40,26,14,12,56,35,32,43,8,19,15,17,46,42,53,10,29,24,16,54,33,23,4,21,27,9,7,62,11,36,38,57,28,3,52,31,22,5,25,58",True,False,80,54.73423073594659,20.050078910100925,25.12561190904419
second,KITTIDataset,"44,19,31,7,8,11,53,49,26,29,56,22,14,15,42,18,33,43,37,23,10,50,52,9,32,25,55,24,61,16,0,30,13,20,2,46,62,28,17,27,38,3",True,False,80,50.25810370956425,7.557257438261482,15.053755981568937
second,KITTIDataset,"42,53,62,8,57,15,28,12,38,1,2,31,51,36,13,55,27,61,52,40,26,6,3,18,10,63,58,48,25,14,21,41,34,33,50,30,49,44,7,54,46,17",True,False,80,39.4651925275554,11.078923109542762,19.08792702454756
second,KITTIDataset,"6,3,50,2,59,55,42,46,48,5,41,30,19,25,4,58,45,13,29,43,63,22,33,61,28,23,24,57,32,52,44,53,21,36,15,47,27,35,8,18,60,51",True,False,80,30.350739942325472,4.576217828452876,10.376374877285885
second,KITTIDataset,"39,59,18,63,30,7,57,58,45,37,17,27,31,41,42,60,62,23,16,52,1,38,13,24,47,14,54,51,36,32,25,2,55,29,6,21,12,9,34,48,33,8",True,False,80,51.841572783733604,8.768317443910146,13.154929570741617
second,KITTIDataset,"45,22,4,52,27,53,5,57,3,56,18,33,16,34,29,30,55,41,43,20,2,19,13,28,58,46,21,6,17,9,31,14,60,44,39,25,54,12,61,24,15,49",True,False,80,42.92112124367106,11.679130008798442,13.813705664582479
second,KITTIDataset,"59,15,47,32,2,54,52,3,24,14,45,62,8,37,21,36,22,11,6,35,48,23,53,63,56,5,29,27,17,57,16,26,41,43,44,30,0,25,61,58,39,13",True,False,80,50.680367179695985,14.267927020268257,16.75007602671846
second,KITTIDataset,"6,47,20,39,54,2,38,36,32,56,7,22,34,59,26,13,51,49,61,46,52,8,57,25,19,58,9,27,63,11,31,37,5,16,0,4,14,29,45,15,21,24",True,False,80,57.34676604443466,14.050375541582117,19.026597409431165
second,KITTIDataset,"10,21,63,48,55,33,38,31,50,42,39,22,47,40,43,16,0,8,18,56,5,24,49,11,4,60,59,26,3,14,36,15,28,32,37,52,45,53,23,51,7,13",True,False,80,34.88707899415333,3.877724547898605,4.39582464780839
second,KITTIDataset,"29,34,55,58,59,28,30,4,22,0,48,35,63,51,40,37,19,6,23,33,41,56,14,18,11,46,36,38,8,12,61,50,53,43,7,25,60,15,5,10,62,13",True,False,80,56.11741162451994,11.426202084097962,20.767099664363244
second,KITTIDataset,"15,0,6,14,51,33,49,50,3,28,34,25,45,56,41,35,22,37,55,30,61,59,17,18,52,32,19,47,12,48,53,44,8,16,13,60,39,57,27,63,43,38,58,46",True,False,80,23.159224724711475,6.510391831360683,5.648699082798093
second,KITTIDataset,"9,2,46,54,3,14,23,26,52,40,61,42,59,35,63,36,6,51,32,25,5,22,33,41,4,55,24,18,30,27,8,60,28,43,31,1,50,15,13,45,21,38,58,16",True,False,80,46.861668349614305,3.9023334159493612,7.452466773710128
second,KITTIDataset,"1,43,30,36,11,60,58,5,3,16,18,53,42,31,9,32,12,33,57,46,10,29,7,45,17,59,0,34,13,4,52,24,39,8,28,50,14,55,62,49,38,48,23,40",True,False,80,48.99913099363481,4.068690927132555,8.992278605004723
second,KITTIDataset,"54,16,21,53,61,14,11,7,56,25,34,33,1,47,12,50,39,18,2,62,15,32,59,28,27,42,0,52,30,44,51,13,4,48,23,5,57,6,22,58,26,37,29,10",True,False,80,46.20320160659106,12.907854438282488,23.573178106337693
second,KITTIDataset,"30,20,62,15,49,18,21,1,38,22,6,55,36,52,57,26,24,27,48,16,10,51,39,12,17,31,9,47,32,34,63,4,40,14,37,11,46,29,61,60,8,45,13,3",True,False,80,46.757174803118176,5.416477559531635,11.547396198488476
second,KITTIDataset,"8,56,16,31,15,63,10,52,45,12,43,5,2,14,53,55,44,30,7,21,36,20,29,9,61,49,42,18,33,6,23,60,38,40,0,50,1,22,11,28,39,13,54,17",True,False,80,38.31500394430544,5.496433257577356,7.88469778761991
second,KITTIDataset,"22,27,14,52,6,10,40,1,25,51,58,3,57,15,9,62,29,5,50,7,39,46,31,49,23,54,34,61,55,60,37,18,12,24,28,38,8,42,13,33,19,11,16,32",True,False,80,48.147747932284126,7.299122174047157,12.83988200239025
second,KITTIDataset,"32,24,33,54,61,28,2,38,57,9,42,34,46,56,36,7,48,5,18,14,10,26,29,41,44,15,27,45,37,58,1,6,50,31,43,19,62,59,23,11,20,52,35,63",True,False,80,40.004427977649044,5.583407301724865,6.053126726681937
second,KITTIDataset,"61,57,31,58,48,16,10,47,43,25,37,17,8,4,45,21,44,46,32,29,63,9,23,5,24,6,12,50,49,55,60,51,11,62,59,42,40,28,18,20,39,2,52,54",True,False,80,29.95970669403396,8.222147122207804,9.623493736543075
second,KITTIDataset,"27,48,46,22,34,3,0,32,61,2,39,9,62,43,26,33,28,23,20,53,45,59,55,31,50,60,36,30,52,19,44,38,15,6,47,57,1,49,51,16,17,11,14,56",True,False,80,24.24602166233988,3.149880364777862,5.2143269026358094
second,KITTIDataset,"46,35,18,42,37,38,3,41,48,0,10,15,13,12,26,47,39,1,27,8,50,14,6,59,33,45,22,31,11,58,52,19,60,57,62,7,43,34,44,51,28,61,17,29,9,55",True,False,80,34.027350603134366,3.1011544563488687,8.796723098200333
second,KITTIDataset,"29,33,24,46,53,20,43,54,14,34,23,55,17,52,40,56,42,36,8,6,19,11,38,49,5,15,4,58,63,51,18,30,48,26,35,10,21,1,50,3,59,60,47,13,44,39",True,False,80,23.98813796150726,5.406193622438092,3.4911202223186213
second,KITTIDataset,"54,35,25,16,3,58,5,14,43,47,8,48,13,2,20,15,9,62,33,46,56,38,63,27,45,31,52,40,37,28,21,7,6,36,53,17,30,60,1,12,50,18,32,0,61,44",True,False,80,36.94641478117734,6.177337849871161,7.793639174590729
second,KITTIDataset,"27,5,14,33,16,22,34,57,28,49,51,17,40,39,24,42,30,29,3,23,4,55,43,52,15,45,9,31,25,62,18,35,1,7,56,37,58,63,6,47,48,2,21,61,36,44",True,False,80,35.84797849490744,3.3401414954578317,2.538660391714935
second,KITTIDataset,"63,39,42,2,5,27,16,26,35,22,47,6,49,57,30,43,53,34,46,33,36,52,59,9,0,60,51,10,17,28,14,3,25,50,12,41,45,40,20,7,4,62,24,15,56,54",True,False,80,27.070839974293158,1.4081722233786753,1.273573036080251
second,KITTIDataset,"35,18,8,12,5,40,26,60,54,4,19,10,0,49,32,55,57,27,50,48,43,63,37,46,39,13,25,7,28,1,22,23,62,15,56,44,14,47,58,3,61,45,11,53,17,29",True,False,80,29.59543717907701,9.102011179239991,13.93613806442326
second,KITTIDataset,"21,42,46,24,27,14,44,20,22,55,29,0,17,50,40,30,16,23,49,25,45,11,38,12,33,19,31,1,47,18,32,57,34,5,26,63,3,56,52,60,53,54,59,35,43,36",True,False,80,20.23790626495929,1.999960565144115,0.8718778269811513
second,KITTIDataset,"32,28,43,16,14,49,52,8,38,6,30,59,9,13,42,27,45,46,21,7,47,51,5,37,40,10,55,60,50,54,36,58,56,4,33,53,23,24,61,19,39,35,0,15,25,3",True,False,80,26.156965840963974,2.8788965797188864,2.816918628762265
second,KITTIDataset,"50,56,63,46,40,12,14,30,45,38,51,31,7,37,10,39,9,3,36,25,27,17,16,6,18,1,28,47,43,22,52,42,55,13,24,32,49,41,34,61,48,62,4,23,15,33",True,False,80,18.260488229374943,0.14725043877763622,1.0775447608341617
second,KITTIDataset,"25,51,11,9,8,53,42,18,20,23,14,35,36,6,44,7,41,59,50,34,48,19,1,15,28,29,47,62,3,55,0,52,21,49,13,45,39,61,2,37,4,57,63,33,40,30",True,False,80,33.64672691835877,1.8286430331944066,4.909484483923656
second,KITTIDataset,"31,55,25,34,51,7,57,39,4,38,12,62,44,11,10,18,52,29,54,22,26,13,35,24,17,61,46,3,49,16,50,5,53,0,23,21,32,58,14,59,43,15,28,60,2,41,63,20",True,False,80,42.520460879971914,15.739033468232849,21.106993720788488
second,KITTIDataset,"51,9,56,39,18,0,54,26,46,17,37,2,33,31,12,57,32,15,55,20,53,45,5,16,11,8,34,63,23,19,3,59,6,60,36,52,38,58,22,27,25,30,49,43,13,42,14,50",True,False,80,33.39970982155257,5.045724003053322,6.591654105370255
second,KITTIDataset,"23,6,27,0,13,52,26,19,18,20,43,60,7,28,55,39,5,49,50,31,14,40,17,54,1,37,15,63,8,48,4,42,24,51,38,59,53,46,57,21,62,2,16,35,9,47,56,44",True,False,80,22.947737598144222,3.912826364704139,7.197099249889042
second,KITTIDataset,"32,57,5,48,25,47,59,58,31,12,10,53,42,63,4,50,29,34,26,51,2,49,19,18,60,45,3,9,28,24,20,27,14,41,37,0,17,40,33,62,22,43,54,44,21,36,13,6",True,False,80,31.12177128786429,1.2737549471247087,3.7905287717117284
second,KITTIDataset,"35,18,62,45,5,61,56,19,14,48,43,25,26,7,15,12,50,4,46,29,60,22,28,36,40,38,51,41,34,0,47,9,44,58,52,59,11,53,13,27,17,42,63,55,8,6,31,1",True,False,80,23.0870567524931,1.6880773687926738,5.095077682247284
second,KITTIDataset,"42,60,20,51,24,19,61,15,62,11,32,17,46,47,37,55,6,7,13,1,21,34,29,0,57,38,4,23,63,8,35,52,41,40,2,28,27,25,49,14,12,43,56,31,26,50,16,9",True,False,80,38.89592781701401,4.172163818316239,7.523432337790241
second,KITTIDataset,"12,23,9,8,38,46,24,31,10,53,45,7,52,42,56,59,39,36,1,27,48,41,3,60,21,51,47,43,29,2,58,11,25,30,35,13,57,14,49,15,22,62,16,17,33,55,44,6",True,False,80,22.527889095933233,5.414045474536816,5.273341941903043
second,KITTIDataset,"35,47,41,14,44,48,19,38,42,16,18,26,27,6,53,7,25,49,34,29,58,22,51,62,36,9,1,5,12,52,2,37,20,63,24,57,28,30,13,21,55,31,56,61,60,39,33,15",True,False,80,32.60157238018193,2.125275849231465,5.936490576046379
second,KITTIDataset,"6,56,37,0,40,8,28,44,57,14,10,21,32,31,20,1,61,36,19,13,58,9,15,42,35,47,11,54,51,41,17,29,34,5,62,50,43,49,30,4,27,25,23,3,59,48,7,39",True,False,80,30.86081602913139,1.207579518896531,1.4513345847209451
second,KITTIDataset,"1,58,13,52,60,34,18,5,12,46,59,53,51,16,14,63,11,22,17,54,33,0,32,62,43,44,25,50,9,55,29,36,45,57,37,23,41,40,56,7,30,2,15,49,48,26,35,3",True,False,80,25.204670289420534,7.05493501084867,3.8566456718789595
second,KITTIDataset,"22,8,40,7,30,14,57,56,52,10,16,35,37,18,60,29,9,17,34,58,62,19,54,47,55,49,45,11,31,44,61,53,27,32,42,0,33,24,2,25,5,51,4,28,21,3,13,59,39,20",True,False,80,39.209166726587654,10.611796654023586,13.52382864602531
second,KITTIDataset,"8,32,40,38,14,34,17,26,35,33,19,56,57,53,10,63,45,62,18,27,55,13,25,12,24,51,6,3,59,31,20,48,2,22,4,30,50,42,29,36,39,43,49,60,15,58,23,37,5,61",True,False,80,31.092125730237562,1.7306048796085716,3.688582148665488
second,KITTIDataset,"45,63,48,59,21,36,2,19,18,55,53,22,11,54,32,58,40,39,42,15,50,9,43,24,56,5,60,13,10,57,23,47,27,49,41,7,6,38,16,3,30,20,1,35,26,33,46,62,8,29",True,False,80,20.314307559325396,1.6165154873711058,2.0819384206035023
second,KITTIDataset,"40,35,36,30,27,0,60,2,54,48,38,41,23,26,13,28,20,21,14,58,53,37,6,44,9,47,43,51,49,29,1,22,17,25,39,11,62,19,61,18,12,8,45,33,7,24,63,52,59,50",True,False,80,22.603135806228764,0.3190981755302795,3.5284671429983776
second,KITTIDataset,"25,27,59,26,15,1,34,18,24,10,45,60,48,58,0,47,19,40,13,17,29,31,21,39,9,55,63,43,41,33,52,53,28,49,11,56,16,61,51,20,5,38,57,32,54,36,50,7,3,14",True,False,80,27.500165267372633,4.058991809762149,6.961456306463293
second,KITTIDataset,"27,52,0,45,56,54,16,59,4,19,44,49,6,33,8,30,58,43,3,21,46,2,37,36,18,47,38,63,55,34,31,22,1,28,61,32,13,53,60,40,10,17,35,15,9,5,50,48,7,24",True,False,80,15.934081937528886,2.446217714654024,0.18516386522373168
second,KITTIDataset,"28,51,10,6,18,37,45,58,36,40,44,13,55,7,15,1,49,14,63,11,32,59,5,9,56,61,2,35,60,16,57,30,12,27,23,62,34,48,31,0,43,17,25,38,54,50,21,3,20,26",True,False,80,37.866010424911345,6.055702913621107,6.4384030261915415
second,KITTIDataset,"31,1,10,14,2,29,36,11,8,16,9,27,13,34,50,54,42,3,37,4,62,63,55,35,20,19,21,7,0,45,52,61,49,44,28,48,24,41,6,30,26,18,57,59,56,12,51,25,58,32",True,False,80,34.36585530709367,4.208218875881475,6.403155642315124
second,KITTIDataset,"15,57,1,45,47,34,21,48,7,11,8,14,50,43,60,12,49,52,29,22,51,53,41,17,19,5,18,33,24,54,30,16,44,40,42,13,9,10,2,59,63,25,20,31,46,28,0,27,39,3",True,False,80,19.55764173028504,0.47960242304317235,1.4359345761296425
second,KITTIDataset,"40,24,15,43,3,52,54,35,44,31,11,56,8,7,14,39,22,2,18,42,41,20,16,60,50,27,25,29,5,0,21,17,58,13,10,46,55,30,47,6,36,62,23,26,4,28,48,33,63,61",True,False,80,31.035829631517508,3.465534647636144,4.116873264139736
second,KITTIDataset,"58,49,61,1,43,22,53,47,20,15,0,26,33,56,35,34,55,18,4,39,63,60,52,38,12,25,24,3,31,40,16,48,14,19,54,42,21,41,46,51,5,32,37,36,62,44,59,11,10,30,7,28",True,False,80,7.998657209827038,0.1747955635390499,0.035460992907801414
second,KITTIDataset,"50,22,9,5,32,21,55,19,33,51,58,47,60,28,11,15,31,40,14,45,43,59,7,29,1,20,35,41,57,52,49,18,54,12,10,27,13,17,39,62,48,23,16,0,36,61,37,25,24,42,26,53",True,False,80,20.564393233624333,0.7239568238170212,0.8749890686508314
second,KITTIDataset,"54,0,35,53,15,9,29,48,61,46,26,4,37,41,21,49,14,24,10,32,6,44,60,17,33,1,34,63,12,19,51,18,56,43,58,52,3,36,22,62,38,31,5,30,45,20,11,2,13,47,50,55",True,False,80,13.324754561807195,1.3342774803039945,0.40815587283869165
second,KITTIDataset,"29,1,16,55,24,44,59,28,21,31,36,33,47,8,26,43,40,52,23,6,42,17,50,18,30,61,54,5,4,60,37,46,41,11,0,35,34,2,62,19,48,57,49,3,25,10,32,63,15,12,38,14",True,False,80,22.386967208516722,0.6551798630373801,0.9368895817523575
second,KITTIDataset,"63,57,21,48,39,5,17,62,54,59,2,14,19,13,8,51,55,50,43,18,53,26,29,3,11,30,4,41,27,44,15,9,1,56,45,20,36,61,35,47,24,7,33,46,6,22,16,31,60,58,52,25",True,False,80,24.165633437204725,9.942010159794314,11.60513844519246
second,KITTIDataset,"20,39,9,45,49,8,35,22,21,0,41,47,4,26,53,40,34,23,1,37,58,61,48,6,51,25,55,16,11,27,42,10,14,29,28,17,52,54,7,18,60,12,38,15,32,44,62,50,5,57,33,3",True,False,80,19.780696663927138,0.47895745567826914,0.12375624458114858
second,KITTIDataset,"9,50,60,38,56,37,4,41,30,36,29,5,2,55,7,17,21,3,11,26,54,12,35,13,6,25,61,63,51,58,45,0,24,20,43,16,14,48,22,31,59,28,8,44,53,33,42,23,18,52,49,62",True,False,80,23.192748953214156,1.759179065917016,2.0068183005375433
second,KITTIDataset,"60,36,53,1,20,30,55,51,61,12,46,48,16,42,24,8,63,37,19,57,26,25,54,45,41,7,6,11,22,32,47,3,21,23,0,15,52,38,58,56,4,29,17,40,44,50,13,62,49,34,2,59",True,False,80,19.89665936550063,5.072306303068435,9.508525999395966
second,KITTIDataset,"60,41,45,44,19,53,27,37,56,29,58,43,8,63,38,22,25,57,16,35,30,39,10,55,23,6,54,5,9,33,36,24,7,34,15,4,40,51,0,20,46,62,32,42,59,17,12,11,52,1,13,14",True,False,80,15.257002183544502,0.809054852632506,0.5360186286167261
second,KITTIDataset,"15,8,58,3,47,1,35,48,42,20,10,28,40,62,23,45,41,18,38,52,57,21,46,49,59,63,37,26,27,44,61,9,36,51,25,39,55,16,2,14,5,17,60,31,7,33,50,29,34,43,30,6",True,False,80,17.824937296871866,0.09260131760564795,3.8881760525260542
second,KITTIDataset,"5,27,12,18,15,58,39,46,31,16,13,23,57,50,8,37,17,44,49,14,3,1,9,21,53,2,52,7,62,59,43,40,33,56,54,51,61,45,38,55,28,26,0,35,36,48,63,6,34,11,41,20,60,4",True,False,80,12.783512901633879,0.9588243303896633,0.27525949283931156
second,KITTIDataset,"36,40,24,54,42,5,6,37,13,41,44,21,35,26,2,33,10,7,28,61,32,8,14,56,57,47,34,53,16,50,52,39,62,60,51,55,18,12,38,23,30,49,1,0,45,27,3,46,48,17,19,31,43,58",True,False,80,2.277524181031685,0.026910656620021532,0.5357142857142857
second,KITTIDataset,"41,25,14,16,11,47,12,30,9,32,28,18,0,55,23,19,48,2,63,1,57,24,6,38,59,52,34,40,27,26,20,37,7,3,45,54,21,39,50,8,33,4,31,36,35,56,58,44,22,13,42,5,43,46",True,False,80,13.948069398136834,0.9280962531212009,1.5557046598650415
second,KITTIDataset,"23,55,8,2,36,46,42,43,61,59,35,19,31,10,13,51,1,57,56,12,0,48,47,50,33,20,14,22,30,5,37,41,49,7,45,11,21,27,9,3,16,63,4,24,62,29,44,40,53,38,39,28,32,15",True,False,80,11.505968167928351,0.1396952628538417,0.4804201484179824
second,KITTIDataset,"61,1,39,47,48,12,27,2,40,50,49,53,35,51,59,19,7,11,26,42,37,38,15,20,4,28,45,6,57,58,36,54,25,5,13,31,22,9,0,21,62,56,52,44,24,17,63,18,23,60,46,55,14,41",True,False,80,7.048660109871917,0.25506928487631036,0.42851086166518615
second,KITTIDataset,"11,29,10,56,34,57,1,61,62,18,20,38,50,47,26,55,63,31,19,7,21,37,5,23,3,12,42,30,48,8,24,4,44,41,15,53,36,46,6,59,58,27,33,60,45,28,16,22,0,40,52,35,43,54",True,False,80,12.128079845376275,0.6141601462047631,0.13426271411252233
second,KITTIDataset,"8,45,59,15,55,26,3,36,21,30,1,17,41,60,11,38,19,57,56,62,23,9,33,34,4,5,44,7,51,6,0,39,27,24,31,20,2,53,42,40,47,43,14,48,37,18,52,29,25,49,63,16,58,28",True,False,80,14.056952199538909,0.4370980954446547,0.029469548133595286
second,KITTIDataset,"5,23,15,56,46,16,11,36,49,30,62,8,60,57,31,21,3,42,50,7,58,17,29,32,59,48,34,40,44,6,22,43,2,1,25,0,39,13,20,35,26,51,61,24,14,53,10,47,9,19,45,33,63,27",True,False,80,25.709905663096492,1.6412131819631064,2.818961462510135
second,KITTIDataset,"14,57,19,13,54,44,49,53,15,43,31,61,9,7,47,33,35,48,58,16,0,32,5,55,25,60,39,2,30,18,8,20,36,37,23,45,63,38,50,4,28,6,11,62,52,17,42,3,34,12,24,27,51,40",True,False,80,12.52603398271967,0.1784637427847701,0.020593080724876443
second,KITTIDataset,"36,19,26,32,1,14,12,16,30,38,18,45,53,31,34,29,3,40,21,6,55,10,20,52,44,39,35,9,46,5,13,25,43,22,23,58,49,47,24,61,2,57,4,37,59,33,0,54,62,41,60,17,28,8",True,False,80,17.819708485896637,1.125776841049129,0.12880077552371494
second,KITTIDataset,"37,32,22,4,23,10,49,46,40,39,25,45,47,31,56,60,28,43,30,52,15,36,58,16,38,0,29,5,24,1,21,42,27,35,44,61,41,14,11,50,26,8,7,53,55,17,59,3,62,19,63,18,34,2,6,57",True,False,80,14.126004389961775,0.46111739971239324,0.13981410162999355
second,KITTIDataset,"29,62,33,49,9,41,48,4,40,25,0,30,26,38,63,46,16,32,24,50,55,17,52,8,60,22,7,31,59,58,37,13,18,35,3,61,27,45,10,54,14,19,36,28,11,23,39,57,12,47,6,56,44,53,43,21",True,False,80,4.525630188702574,0.12740613895076078,0.0
second,KITTIDataset,"31,23,42,62,60,1,8,35,55,50,7,2,63,56,48,53,59,24,14,21,22,9,58,18,29,30,37,36,16,40,6,54,11,13,5,17,10,28,38,27,45,43,20,33,34,0,47,26,3,44,49,52,57,32,61,12",True,False,80,17.414211286360587,0.9508341911385698,0.4795064796639862
second,KITTIDataset,"41,50,22,5,33,14,54,63,12,37,59,31,27,15,57,30,17,19,34,25,42,32,56,3,23,28,26,38,2,10,6,24,35,53,52,51,18,55,29,47,4,44,58,20,40,36,62,11,13,16,61,8,1,46,45,49",True,False,80,12.105143475439364,0.26787535938948825,0.1840079013141982
second,KITTIDataset,"55,26,14,43,37,63,35,57,0,32,9,51,39,27,23,42,34,22,40,44,15,20,61,28,54,36,48,6,58,21,4,5,59,19,7,1,33,13,8,11,49,38,17,18,47,52,24,16,41,29,3,53,62,45,30,12",True,False,80,9.843286447379365,0.11272450419015895,0.02086811352253756
second,KITTIDataset,"27,36,44,57,6,39,4,51,32,2,24,50,59,8,26,20,13,16,53,35,60,0,11,18,47,17,28,58,3,34,46,55,49,14,7,45,31,15,1,41,63,52,21,43,23,42,40,33,22,19,29,56,38,54,10,9",True,False,80,4.244355561613798,0.12863534675615212,0.03577817531305903
second,KITTIDataset,"18,57,17,21,62,24,3,36,25,34,52,33,12,39,43,0,11,55,49,5,50,45,26,8,51,30,46,59,63,41,58,42,35,31,28,37,19,61,10,48,15,1,23,6,54,14,60,4,7,16,44,27,38,32,40,53",True,False,80,5.994751975815515,0.01670521716782318,0.0
second,KITTIDataset,"18,9,27,52,20,60,45,58,34,15,17,5,2,26,47,51,22,21,7,12,32,1,19,44,59,39,25,48,57,54,40,43,63,36,13,29,30,14,37,55,6,41,4,33,38,28,31,42,46,23,24,50,11,53,10,62",True,False,80,4.441964091370979,0.01911692155895412,0.016578249336870028
second,KITTIDataset,"46,10,42,41,5,7,33,11,22,56,61,1,24,4,38,13,51,8,34,21,18,12,39,57,59,29,58,36,63,16,45,27,62,52,50,26,9,0,32,55,17,37,14,35,53,30,31,44,47,3,40,20,49,54,28,6",True,False,80,7.015364569304257,0.04555084745762712,0.037481259370314844
second,KITTIDataset,"56,17,12,13,49,44,21,61,7,27,14,57,22,43,62,25,23,32,26,36,15,38,60,34,52,8,48,37,35,63,30,47,3,4,45,1,19,40,33,58,10,50,41,51,55,24,42,11,2,5,39,46,18,28,0,59",True,False,80,9.728709273986217,0.05396965476985206,0.05228136882129277
second,KITTIDataset,"56,21,8,0,11,3,55,12,48,36,25,40,28,14,2,54,18,44,31,29,47,27,45,63,49,50,62,53,34,52,30,26,60,42,20,4,1,16,23,24,61,5,51,7,9,33,37,35,59,39,22,10,58,19,32,15,38,46",True,False,80,7.3603583769304395,0.015573628655476726,0.05984042553191489
second,KITTIDataset,"32,11,15,28,39,12,42,14,1,56,13,7,50,20,10,3,6,54,5,30,57,43,22,55,44,23,61,8,47,62,21,2,33,51,40,4,27,48,9,45,29,26,34,19,49,37,25,0,60,31,18,63,24,53,59,35,58,36",True,False,80,15.983383293357994,0.6191053409437176,0.29697204968944096
second,KITTIDataset,"40,57,43,17,32,6,34,41,12,56,44,31,30,29,60,54,58,39,47,9,5,4,51,0,48,49,45,52,27,22,42,11,21,15,18,1,37,53,10,2,35,26,16,59,38,20,36,14,61,24,3,28,7,62,13,50,55,25",True,False,80,2.7083189422946825,0.06063432835820895,0.015060240963855423
second,KITTIDataset,"45,56,37,15,8,60,9,1,62,54,2,32,0,51,59,13,27,29,25,22,39,18,63,41,55,61,47,6,5,57,36,58,30,44,7,24,16,46,53,48,10,42,12,19,49,50,20,14,52,38,11,21,23,43,31,33,35,34",True,False,80,2.204972128431943,0.559963474025974,0.047393364928909956
second,KITTIDataset,"21,19,58,6,31,26,38,4,17,15,53,2,29,46,18,62,39,23,52,45,3,11,24,59,54,35,56,5,43,63,60,36,8,40,28,51,27,1,7,10,42,16,12,47,33,34,14,61,44,37,30,32,0,48,41,25,50,22",True,False,80,8.605163786457817,0.017143836790673755,0.3826085883615815
second,KITTIDataset,"0,51,46,48,8,57,1,31,25,21,43,54,44,4,53,14,19,34,2,32,9,60,38,18,24,6,3,40,26,63,35,45,23,52,28,12,10,41,33,11,61,22,37,56,15,39,13,50,30,16,42,29,36,58,7,27,49,55",True,False,80,1.5317724039460199,0.019740552735476594,0.0
